Product,Profit_2010_Jan,Profit_2011_Jan
Amaretto,20.65625,30.28125
Caffe Latte,42.92592593,62.39814815
Caffe Mocha,30.00416667,43.65416667
Chamomile,57.77604167,84.05208333
Columbian,94.90416667,137.6125
Darjeeling,61.6875,89.63020833
Decaf Espresso,58.94607843,85.67156863
Decaf Irish Cream,29.72916667,43.13020833
Earl Grey,68.40972222,99.39583333
Green Tea,-0.625,-0.979166667
Lemon,50.8125,73.64166667
Mint,26.15625,37.94791667
Regular Espresso,113.6666667,165.9166667
